{"cameraMode":{"drawMode":0,"name":"Shaded","section":"Shading Mode"},"sceneLighting":false,"audioPlay":false,"sceneViewState":{"showFog":true,"showMaterialUpdate":false,"showSkybox":true,"showFlares":true,"showImageEffects":true,"showParticleSystems":true},"in2DMode":false,"pivot":{"x":0.4072532653808594,"y":1.1483879089355469,"z":1.0532684326171876},"rotation":{"x":-0.10192680358886719,"y":0.8919190764427185,"z":-0.25117242336273196,"w":-0.36194440722465517},"size":11.917648315429688,"orthographic":true}